:START_ID,:END_ID,order:int,status,timestamp
j12fdsh6f,0hmxZPp0xq0,4,,00:09:06
j142bvdhe,DLe3hojAro0,2,,412
j19f8dhtg,7JJuJ59DxUw,,,1560
j1anqw115,2LbnV-Wss4g,1,,144
j1gt3d6d3,7JJuJ59DxUw,5,,783
j1k7plea5,2LbnV-Wss4g,5,DRAFT,825
j1mvf6htv,0hmxZPp0xq0,3,TBC,
j1ybh07sl,DLe3hojAro0,4,,910
j1yvs1izu,7JJuJ59DxUw,6,,1011
j228pm3uh,DBbyI99TtIM,2,PROCESSING,340
j2472p8fr,7JJuJ59DxUw,7,,1239
j28nwqyzo,0hmxZPp0xq0,1,TBC,170
j28uvuzh8,0hmxZPp0xq0,2,,00:05:10
j29ejr960,7JJuJ59DxUw,2,,301
j29g1hi7n,DLe3hojAro0,1,,228
j2iw1o9gl,7JJuJ59DxUw,4,,663
j2q4rscer,DLe3hojAro0,3,,665
j355hbbnu,7JJuJ59DxUw,3,,537
j5hrxjtsj,2LbnV-Wss4g,4,DRAFT,649
j846ma9g5,7JJuJ59DxUw,8,,1377
j95ixwnum,DBbyI99TtIM,1,PROCESSING,224
jgxej3kih,t4xLg702Yn0,1,,601
jhvcqfy6i,7JJuJ59DxUw,1,,175
jl9yy8k9s,2LbnV-Wss4g,6,DRAFT,1074
jof56g6vj,2LbnV-Wss4g,2,DRAFT,278
jvfgq2z9f,2LbnV-Wss4g,7,DRAFT,1201
jyebp014e,2LbnV-Wss4g,3,DRAFT,527
